Text,Class,Sign,ASD,char_len,word_len,sent_len,polarity,subjectivity,exclaimation_num,questionmark_num,url_num,hash_num,mention_num,contraction_num
a structured and organized environment helps them stay focused and perform better in tasks or learning activities,Attention Respanse+,+,Non-ASD,114,18,1,0.5,0.5,0,0,0,0,0,0
absolutely we have been incorporating their preferred words into learning activities it is incredible to witness how they engage and participate when we align their interests with the lessons it is a fantastic tool for connection and learning,Word Repetition-,+,Non-ASD,242,42,4,0.5166666666666666,0.9,1,0,0,0,0,3
achieving success in their focused interests can boost their confidence and self esteem supporting their personal growth,Focused Attention+,-,ASD,122,18,2,0.18333333333333335,0.18333333333333335,0,0,0,0,0,0
an overload of information can overwhelm my toddler leading to shutdowns or avoidance of tasks requiring sustained attention,Attention Respanse+,-,ASD,126,20,2,0.0,0.0,0,0,0,0,0,0
arranging toys seems to provide comfort and a sense of control for my toddler it is their way of expressing themselves and feeling secure,Toy Arranging-,+,Non-ASD,138,26,2,0.4,0.6,0,0,0,0,0,1
avoidance of noisy environments might lead to isolation or feeling excluded from social activities as my toddler may opt out due to discomfort,Noise Sensitivity-,-,ASD,144,25,1,-0.04583333333333334,0.22083333333333333,0,0,0,0,0,0
avoidance of noisy places or events might cause my toddler to feel left out socially missing opportunities for social interactions due to discomfort,Noise Sensitivity-,-,ASD,150,25,1,-0.07291666666666667,0.12291666666666667,0,0,0,0,0,0
avoidance of noisy places or events might lead to my toddler feeling excluded or isolated missing out on social interactions due to discomfort,Noise Sensitivity-,-,ASD,144,25,1,-0.09722222222222222,0.1638888888888889,0,0,0,0,0,0
avoiding eye contact might help my toddler concentrate and feel more at ease during conversations or activities,Eye Contact+,-,ASD,112,18,1,0.5,0.5,0,0,0,0,0,0
avoiding eye contact might help my toddler feel more comfortable and focused during conversations or activities,Eye Contact+,-,ASD,112,17,1,0.45,0.65,0,0,0,0,0,0
by understanding their focus patterns we can nurture their unique abilities allowing them to excel in their areas of interest,Attention Respanse+,+,Non-ASD,128,23,3,0.375,1.0,0,0,0,0,0,0
by understanding their triggers and preferences i can develop personalized strategies to ease the impact of change on my toddler,Change Reaction-,+,Non-ASD,130,22,2,0.0,0.0,0,0,0,0,0,0
certain repeated words seem to offer comfort and stability for my toddler it is fascinating to see how these words help them navigate the world around them,Word Repetition-,+,Non-ASD,156,29,2,0.45714285714285713,0.7107142857142857,0,0,0,0,0,1
change can disrupt our daily routines and cause meltdowns or increased anxiety for my toddler making it challenging to navigate daily activities,Change Reaction-,-,ASD,146,24,2,0.16666666666666666,0.3333333333333333,0,0,0,0,0,0
changes can disrupt our established routines causing meltdowns or increased stress levels for my toddler making it challenging to manage day today activities,Change Reaction-,-,ASD,161,25,3,0.5,1.0,0,0,0,0,0,0
changes can disrupt our established routines causing meltdowns or increased stress levels for my toddler making it difficult to manage day today activities,Change Reaction-,-,ASD,159,25,3,-0.5,1.0,0,0,0,0,0,0
changes can disrupt our established routines leading to meltdowns or increased stress levels for my toddler making it difficult to manage day today activities,Change Reaction-,-,ASD,162,26,3,-0.5,1.0,0,0,0,0,0,0
changes disrupt our established routines causing meltdowns or heightened stress levels making it tough to manage day today activities,Change Reaction-,-,ASD,137,21,3,-0.3888888888888889,0.8333333333333334,0,0,0,0,0,0
changes disrupt our routines causing distress or meltdowns making it hard for my toddler to manage daily activities,Change Reaction-,-,ASD,118,21,3,-0.14583333333333334,0.2708333333333333,0,0,0,0,0,0
continuous tiptoeing might affect their foot health or posture overtime i am concerned about the long term impact on their physical well being,Tiptoe Flapping-,-,ASD,144,24,2,0.0,0.14285714285714285,0,0,0,0,0,1
despite challenges in expressing emotions my toddler may deeply understand others feelings even if it is not outwardly visible,Emotional Empathy+,+,Non-ASD,129,23,3,0.0,0.4,0,0,0,0,0,1
despite challenges in expression my toddler might deeply understand emotions showing empathy in unique less visible ways,Emotional Empathy+,+,Non-ASD,124,21,4,0.06944444444444445,0.4888888888888889,0,0,0,0,0,0
despite challenges in showing emotions my toddler may have a profound understanding of others feelings even if they struggle to express it,Emotional Empathy+,+,Non-ASD,142,26,3,0.08333333333333333,1.0,0,0,0,0,0,0
despite challenges my toddler can still form meaningful emotional connections with others showcasing empathy in their own distinct manner,Emotional Empathy+,+,Non-ASD,140,22,3,0.35000000000000003,0.6124999999999999,0,0,0,0,0,0
despite challenges my toddler might find alternative learning methods such as direct verbal communication or visual aids to understand instructions,Follow Pointing+,+,Non-ASD,151,24,4,0.03333333333333333,0.3,0,0,0,0,0,0
despite challenges my toddler might form strong emotional bonds with others expressing empathy through their distinct methods,Emotional Empathy+,+,Non-ASD,128,20,3,0.24444444444444444,0.5611111111111111,0,0,0,0,0,0
despite difficulties in expressing emotions outwardly my toddler might deeply understand and resonate with others feelings,Emotional Empathy+,+,Non-ASD,125,19,2,0.0,0.4,0,0,0,0,0,0
despite difficulties my toddler can form strong emotional bonds showing empathy in their own distinctive and sincere way,Emotional Empathy+,+,Non-ASD,123,21,3,0.3833333333333333,0.7208333333333333,0,0,0,0,0,0
despite difficulties my toddler can form strong emotional connections showing empathy uniquely and earnestly,Emotional Empathy+,+,Non-ASD,111,17,3,0.26944444444444443,0.7944444444444444,0,0,0,0,0,0
despite hurdles my toddler can form strong emotional bonds demonstrating empathy through their distinctive methods,Emotional Empathy+,+,Non-ASD,117,18,3,0.21666666666666665,0.6916666666666667,0,0,0,0,0,0
despite these challenges my toddler might develop alternative methods of learning focusing on direct verbal instructions or other visual aids,Follow Pointing+,+,Non-ASD,144,23,3,-0.008333333333333331,0.25833333333333336,0,0,0,0,0,0
despite these challenges my toddler might develop alternative ways of learning focusing on direct verbal or visual instructions,Follow Pointing+,+,Non-ASD,130,21,3,0.05,0.2,0,0,0,0,0,0
difficulty in diverting attention from specific interests may hinder their adaptability and willingness to try new things,Focused Attention+,+,Non-ASD,122,18,1,0.06818181818181818,0.2897727272727273,0,0,0,0,0,0
difficulty in following pointing gestures may lead to missing important social cues affecting their interactions and causing feelings of exclusion,Follow Pointing+,-,ASD,148,22,2,0.058333333333333334,0.30416666666666664,0,0,0,0,0,0
difficulty in following pointing might limit their participation in group activities or games affecting their social inclusion and interactions,Follow Pointing+,-,ASD,145,21,2,0.016666666666666666,0.08333333333333334,0,0,0,0,0,0
difficulty in following pointing might limit their participation in group activities or games impacting their social inclusion,Follow Pointing+,-,ASD,128,19,2,0.016666666666666666,0.08333333333333334,0,0,0,0,0,0
difficulty in shifting attention from their focused interests may result in challenges when transitioning between activities or routines,Focused Attention+,+,Non-ASD,137,19,1,0.0,0.0,0,0,0,0,0,0
difficulty in transitioning attention from specific interests may limit their adaptability and willingness to explore new things,Focused Attention+,+,Non-ASD,129,18,1,0.06818181818181818,0.2897727272727273,0,0,0,0,0,0
each successful adjustment is progress reinforcing positive behaviors and coping mechanisms which is something to celebrate,Change Reaction-,+,Non-ASD,126,19,3,0.48863636363636365,0.7477272727272727,0,0,0,0,0,0
each successful adjustment to change is a milestone and celebrating these moments helps reinforce positive behaviors and coping mechanisms,Change Reaction-,+,Non-ASD,140,21,2,0.48863636363636365,0.7477272727272727,0,0,0,0,0,0
each successful adjustment to change is a win reinforcing positive behaviors and coping mechanisms which is something to celebrate,Change Reaction-,+,Non-ASD,133,22,3,0.5924242424242424,0.6318181818181818,0,0,0,0,0,0
each successful adjustment to change is a win reinforcing positive behaviors and coping mechanisms which is something to celebrate,Change Reaction-,+,Non-ASD,133,22,3,0.5924242424242424,0.6318181818181818,0,0,0,0,0,0
each successful adjustment to change is progress reinforcing positive behaviors and coping mechanisms which is something to acknowledge and celebrate,Change Reaction-,+,Non-ASD,152,23,3,0.48863636363636365,0.7477272727272727,0,0,0,0,0,0
each successful adjustment to change is progress reinforcing positive behaviors and coping mechanisms which is something to acknowledge and celebrate,Change Reaction-,+,Non-ASD,152,23,3,0.48863636363636365,0.7477272727272727,0,0,0,0,0,0
encouraging other forms of communication or cues such as using visual aids or verbal prompts can aid in their understanding,Follow Pointing+,+,Non-ASD,126,23,3,-0.041666666666666664,0.2916666666666667,0,0,0,0,0,0
encouraging the use of different communication methods like using visual cues or verbal prompts might aid in their understanding,Follow Pointing+,+,Non-ASD,131,22,3,0.0,0.3,0,0,0,0,0,0
explaining their reluctance to share interests can be tough others might misinterpret it as disinterest or rudeness,Sharing Interest+,-,ASD,117,19,2,-0.3888888888888889,0.8333333333333334,0,0,0,0,0,0
explaining tiptoe flapping to others can be difficult some people might misinterpret it leading to misconceptions or judgment about my toddler,Tiptoe Flapping-,-,ASD,145,24,2,-0.5,1.0,0,0,0,0,0,0
facing changes may eventually help my toddler become more adaptable and resilient developing skills to manage unexpected situations,Change Reaction-,+,Non-ASD,133,20,2,0.3,0.75,0,0,0,0,0,0
finding inclusive spaces that embrace and accommodate sign language might be a challenge limiting my toddler is access to certain activities or communities,Sign Communication+,-,ASD,156,25,1,0.21428571428571427,0.5714285714285714,0,0,0,0,0,1
finger movements could be a form of creative expression allowing them to express themselves uniquely and explore their imagination,Finger Movements-,+,Non-ASD,132,21,2,0.4375,1.0,0,0,0,0,0,0
finger movements could be a form of creative expression allowing them to showcase their unique abilities and creativity,Finger Movements-,+,Non-ASD,121,20,2,0.4375,1.0,0,0,0,0,0,0
finger movements might be a form of creative expression allowing them to explore their imagination and artistic abilities,Finger Movements-,+,Non-ASD,123,20,2,0.41666666666666663,1.0,0,0,0,0,0,0
finger movements might serve as a calming or self regulating mechanism for my toddler helping them manage stress or anxiety,Finger Movements-,+,Non-ASD,125,21,2,0.0,0.0,0,0,0,0,0,0
for my toddler avoiding eye contact might be a way to feel more comfortable and focused during conversations or activities,Eye Contact+,-,ASD,124,22,2,0.45,0.65,0,0,0,0,0,0
gradual exposure and preparation before changes help my toddler adapt better making transitions smoother,Change Reaction-,+,Non-ASD,106,16,2,0.5,0.5,0,0,0,0,0,0
gradual exposure and prepping beforehand help my toddler adapt better to new situations easing transitions,Change Reaction-,+,Non-ASD,108,17,2,0.3181818181818182,0.4772727272727273,0,0,0,0,0,0
gradual exposure to change and prepping them before hand helps my toddler adapt better to new situations making transitions smoother,Change Reaction-,+,Non-ASD,133,21,2,0.3181818181818182,0.4772727272727273,0,0,0,0,0,0
gradual exposure to change and prepping them before hand helps my toddler adapt better to new situations making transitions smoother,Change Reaction-,+,Non-ASD,133,21,2,0.3181818181818182,0.4772727272727273,0,0,0,0,0,0
gradual exposure to change and prepping them before hand helps my toddler adapt better to new situations making transitions smoother,Change Reaction-,+,Non-ASD,133,21,2,0.3181818181818182,0.4772727272727273,0,0,0,0,0,0
handling changes can eventually foster adaptability and resilience in my toddler aiding them in managing unexpected situations better,Change Reaction-,+,Non-ASD,135,20,2,0.3,0.75,0,0,0,0,0,0
handling changes can eventually foster adaptability and resilience in my toddler aiding them in managing unexpected situations better,Change Reaction-,+,Non-ASD,135,20,2,0.3,0.75,0,0,0,0,0,0
handling changes can eventually foster adaptability and resilience in my toddler aiding them in managing unexpected situations better,Change Reaction-,+,Non-ASD,135,20,2,0.3,0.75,0,0,0,0,0,0
handling changes gradually develops adaptability and resilience in my toddler aiding them in managing unexpected situations,Change Reaction-,+,Non-ASD,125,18,2,0.1,1.0,0,0,0,0,0,0
handling changes gradually helps develop adaptability and resilience in my toddler assisting them in managing unexpected situations better,Change Reaction-,+,Non-ASD,140,20,2,0.3,0.75,0,0,0,0,0,0
i fear that their reliance on repeated words might create barriers in social settings other kids might find it hard to connector communicate effectively,Word Repetition-,-,ASD,155,27,2,0.054166666666666655,0.4458333333333333,0,0,0,0,0,0
i fear that this repetition might interfere with their ability to grasp new concepts or engage effectively in learning environments,Word Repetition-,-,ASD,132,21,1,0.36818181818181817,0.6272727272727273,0,0,0,0,0,0
if earth is repetition might hinder their learning in school affecting their understanding of different subjects and participation in class,Word Repetition-,-,ASD,141,22,2,0.0,0.6,0,0,0,0,0,0
i notice my toddler struggles to stay focused especially in noisy or crowded environments it is challenging for them to concentrate when there is too much going on,Attention Respanse+,-,ASD,164,31,3,0.2333333333333333,0.7333333333333334,0,0,0,0,0,2
i worry about how my toddler is sensitivity to noise might overwhelm them loud or sudden noises can cause distress leading to anxiety or meltdowns,Noise Sensitivity-,-,ASD,148,28,2,0.05,0.65,0,0,0,0,0,1
i worry about how my toddler is sensitivity to noise might overwhelm them loud or sudden noises can lead to distress causing anxiety or meltdowns,Noise Sensitivity-,-,ASD,147,28,2,0.05,0.65,0,0,0,0,0,1
i worry about how my toddler is sensitivity to noise might overwhelm them loud or sudden noises can trigger anxiety leading to stress or meltdowns,Noise Sensitivity-,-,ASD,148,28,2,0.05,0.65,0,0,0,0,0,1
i worry about my toddler is difficulty in following pointing gestures it might hinder their ability to understand instructions and communicate effectively,Follow Pointing+,-,ASD,155,24,2,0.3,0.45,0,0,0,0,0,1
i worry about my toddler is difficulty in following pointing gestures it might hinder their ability to understand instructions and interact with others effectively,Follow Pointing+,-,ASD,164,26,2,0.3,0.45,0,0,0,0,0,1
i worry about my toddler is difficulty in following pointing gestures it might hinder their ability to understand instructions or engage in effective communication,Follow Pointing+,-,ASD,164,26,2,0.3,0.45,0,0,0,0,0,1
i worry about my toddler is fixation on arranging toys it seems they spend more time organizing than actually playing which might limit their play experiences,Toy Arranging-,-,ASD,160,29,3,0.25,0.3,0,0,0,0,0,1
i worry about my toddler is intense focus on specific topics it might limit their ability to explore various interests and engage in activities outside their focused area,Focused Attention+,+,Non-ASD,171,30,2,0.05,0.41875,0,0,0,0,0,1
i worry about my toddler is reaction to sudden change sit often leads to heightened stress and anxiety making it hard for them to handle unforeseen situations,Change Reaction-,-,ASD,160,30,3,-0.14583333333333334,0.5208333333333333,0,0,0,0,0,1
i worry about my toddler is tiptoe flapping it could lead to accidents especially if they are not aware of their surroundings while doing so,Tiptoe Flapping-,-,ASD,141,28,2,-0.0625,0.625,0,0,0,0,0,2
i worry about not knowing how my toddler might react to change as it could sometimes result in difficult or challenging behaviors,Change Reaction-,-,ASD,131,24,2,0.0,1.0,0,0,0,0,0,0
i worry about the accessibility of information for my toddler if it is not available in sign language it could hinder their learning and understanding,Sign Communication+,-,ASD,151,27,2,-0.2,0.4,0,0,0,0,0,1
i worry that my toddler is constant repetition of words might limit their ability to develop a wider vocabulary and hinder effective communication,Word Repetition-,-,ASD,146,24,1,0.3,0.5666666666666667,0,0,0,0,0,1
i worry that my toddler is difficulty in displaying emotional empathy might be misinterpreted by others as a lack of care or concern,Emotional Empathy+,-,ASD,132,24,1,0.0,0.65,0,0,0,0,0,1
i worry that my toddler is difficulty in expressing emotional empathy might lead others to misinterpret their intentions or feelings,Emotional Empathy+,-,ASD,132,21,1,0.0,0.65,0,0,0,0,0,1
i worry that my toddler is difficulty in expressing emotional empathy might lead others to perceive them as uncaring or in different,Emotional Empathy+,-,ASD,131,22,1,0.0,0.65,0,0,0,0,0,1
i worry that my toddler is difficulty in making eye contact might be misinterpreted by others as disinterest or rudeness leading to misunderstandings,Eye Contact+,+,Non-ASD,150,25,2,0.0,0.0,0,0,0,0,0,1
i worry that my toddler is focus on arranging toys limits their actual playtime it seems they are more invested in organizing than engaging in imaginative play,Toy Arranging-,-,ASD,159,29,2,0.375,0.49999999999999994,0,0,0,0,0,2
i worry that others might misunderstand my toddler is lack of eye contact as rudeness or disinterest,Eye Contact+,+,Non-ASD,100,18,1,0.0,0.0,0,0,0,0,0,1
i worry that relying solely on sign communication might limit my toddler is social interactions not everyone understands or accepts sign language potentially leading to misunderstandings or isolation,Sharing Interest+,-,ASD,201,31,2,0.016666666666666666,0.5333333333333333,0,0,0,0,0,1
i worry that relying solely on sign communication might limit my toddler is social interactions not everyone understands or accepts sign language potentially leading to misunderstandings or isolation,Sign Communication+,-,ASD,201,31,2,0.016666666666666666,0.5333333333333333,0,0,0,0,0,1
i am concerned about how easily our toddler gets distracted in school they struggle to stay focused especially when there is a lot of noise or activity around it is affecting their ability to keep up with the class,Attention Respanse+,-,ASD,216,44,5,0.21666666666666667,0.9166666666666667,0,0,0,0,0,3
i am concerned about how my toddler reacts to change sudden transitions or unexpected alterations in routines can be extremely distressing for them,Change Reaction-,-,ASD,148,25,2,-0.008333333333333331,0.8333333333333334,0,0,0,0,0,1
i am concerned about how my toddler reacts to sudden change sit often leads to heightened anxiety and distress making it tough for them to handle unforeseen situations,Change Reaction-,-,ASD,169,31,3,-0.19444444444444445,0.6666666666666667,0,0,0,0,0,1
i am concerned about how my toddler is noise sensitivity might overwhelm them in certain environments loud noise scan trigger anxiety leading to distress or meltdowns,Noise Sensitivity-,-,ASD,167,29,2,0.15714285714285714,0.6857142857142857,0,0,0,0,0,2
i am concerned about how my toddler is sensitivity to noise might overwhelm them loud or sudden noises can cause stress leading to anxiety or sensory overload,Noise Sensitivity-,-,ASD,159,30,2,0.05,0.65,0,0,0,0,0,2
i am concerned about how repetitive behaviors might affect my toddler is social interactions peers might find it challenging to understand and engage with my toddler,Repetitive Behavior-,-,ASD,165,28,2,0.09444444444444444,0.4388888888888889,0,0,0,0,0,2
i am concerned about my toddler becoming overly reliant on sign language potentially hindering their motivation to explore other communication methods,Sharing Interest+,-,ASD,151,23,1,0.10833333333333334,0.7416666666666667,0,0,0,0,0,1
i am concerned about my toddler becoming overly reliant on sign language potentially hindering their motivation to explore other communication methods,Sign Communication+,-,ASD,151,23,1,0.10833333333333334,0.7416666666666667,0,0,0,0,0,1
i am concerned about my toddler is difficulty in following pointing gestures it might hinder their ability to understand and respond appropriately during communication,Follow Pointing+,-,ASD,167,26,2,0.25,0.3,0,0,0,0,0,2
i am concerned about my toddler is difficulty in following pointing gestures it might hinder their ability to understand instructions and communicate effectively,Follow Pointing+,-,ASD,161,25,2,0.3,0.45,0,0,0,0,0,2
i am concerned about my toddler is intense focus on specific interests it might lead to difficulties in shifting attention or engaging in other activities,Focused Attention+,+,Non-ASD,154,27,2,0.11875000000000002,0.55,0,0,0,0,0,2
i am concerned about my toddler is intense focus on specific topics it might limit their willingness to explore other subjects or activities leading to a lack of diversity in their experiences,Focused Attention+,+,Non-ASD,193,35,3,0.025000000000000005,0.5,0,0,0,0,0,2
i am concerned about my toddler is intense focus on specific topics it might limit their willingness to explore other subjects or activities potentially hindering their overall development,Focused Attention+,+,Non-ASD,189,31,3,0.015000000000000003,0.5,0,0,0,0,0,2
i am concerned about my toddler is response to sudden change sit often leads to heightened anxiety and stress making it challenging for them to handle unpredictable situations,Change Reaction-,-,ASD,176,31,3,0.11111111111111112,0.8333333333333334,0,0,0,0,0,2
i am concerned about my toddler is struggle in following pointing gestures it might hinder their ability to understand instructions and communicate effectively,Follow Pointing+,-,ASD,159,25,2,0.3,0.45,0,0,0,0,0,2
i am concerned about my toddler is struggle to share their interests it might make it challenging for them to connect with peers who do not share similar passions,Sharing Interest+,-,ASD,161,31,2,0.25,0.7,0,0,0,0,0,3
i am concerned about my toddler is struggle with sudden change sit often leads to heightened anxiety making it challenging for them to cope with unexpected situations,Change Reaction-,-,ASD,167,30,3,0.19999999999999998,0.8333333333333334,0,0,0,0,0,2
i am concerned about our toddler is repetitive behaviors it feels like they are stuck in these patterns and it is hard for them to engage in different activities or adapt to changes,Repetitive Behavior-,-,ASD,180,36,3,-0.18055555555555558,0.46388888888888885,0,0,0,0,0,4
i am concerned about our toddler is repetitive behaviors it is challenging because they seem to get stuck in these patterns and it is affecting their ability to engage in different activities,Repetitive Behavior-,-,ASD,190,35,3,0.08333333333333333,0.6166666666666667,0,0,0,0,0,4
i am concerned about our toddler is repetitive behaviors they keep doing the same actions over and over and it is interfering with their ability to engage in other activities i worry about how this might affect their social interactions,Repetitive Behavior-,-,ASD,237,44,4,-0.08541666666666667,0.20416666666666666,0,0,0,0,0,3
i am concerned that my toddler is fixation on arranging toys limits their actual playtime it seems they are more focused on organizing than engaging in imaginative play,Toy Arranging-,-,ASD,167,30,2,0.375,0.49999999999999994,0,0,0,0,0,3
i am concerned that their reliance on repeated words might isolate them socially peers might struggle to understand or engage with their communication style,Word Repetition-,-,ASD,157,26,2,0.03333333333333333,0.06666666666666667,0,0,0,0,0,1
i am concerned that their word repetition might lead to social isolation or being misunderstood by peers who might not understand their communication style,Word Repetition-,-,ASD,155,25,1,0.03333333333333333,0.06666666666666667,0,0,0,0,0,1
i am concerned that this repetition might interfere with their learning abilities especially in school it might affect their comprehension and engagement with different subjects,Word Repetition-,-,ASD,179,28,3,0.0,0.8,0,0,0,0,0,1
i am worried about how easily our toddler loses focus they struggle to pay attention especially in noisy environments it affects their learning at school and they often miss important details,Attention Respanse+,-,ASD,195,36,5,0.13333333333333336,0.7333333333333334,0,0,0,0,0,1
i am worried about how sudden changes affect my toddler it often leads to increased stress and anxiety making it hard for them to adapt,Change Reaction-,-,ASD,137,28,3,-0.14583333333333334,0.5208333333333333,0,0,0,0,0,1
i am worried about my toddler is constant word repetition it feels like they are not progressing just stuck in a loop i have read it might hinder their communication development what if they can not express themselves properly,Word Repetition-,-,ASD,224,44,5,0.0,0.21666666666666667,0,1,0,0,0,5
i am worried about my toddler is intense focus on specific topics it might hinder their ability to shift attention or engage in activities beyond their interests,Focused Attention+,+,Non-ASD,161,29,2,0.1,0.5625,0,0,0,0,0,2
i am worried about our toddler is repetitive behaviors it seems like they get stuck in these routines and it is affecting their ability to try new things or interact with others,Repetitive Behavior-,-,ASD,177,35,3,-0.05681818181818182,0.3522727272727273,0,0,0,0,0,3
i am worried about our toddler is repetitive behaviors they keep doing the same things repeatedly and it is difficult to redirect their attention i am concerned it might affect their ability to adapt to new situations,Repetitive Behavior-,-,ASD,217,41,4,-0.1534090909090909,0.45738636363636365,0,0,0,0,0,4
i am worried that my toddler is constant repetition of words might hinder their ability to develop a diverse and functional vocabulary,Word Repetition-,-,ASD,133,23,1,0.0,0.3333333333333333,0,0,0,0,0,2
i am worried that my toddler is constant repetition of words might impede their progress in developing broader language and communication skills,Word Repetition-,-,ASD,143,23,1,0.0,0.3333333333333333,0,0,0,0,0,2
i have come to realize that word repetition is a unique way my toddler communicates it is their way of expressing feelings or needs,Word Repetition-,+,Non-ASD,130,26,2,0.375,1.0,0,0,0,0,0,2
i have noticed my toddler is word repetition but i have also seen how it helps them learn and communicate they use it to express themselves in their unique way and it is fascinating to see how they associate certain words with different situations,Word Repetition-,+,Non-ASD,245,48,4,0.32232142857142854,0.755357142857143,0,0,0,0,0,4
i have noticed our toddler engages in repetitive behaviors when they are exploring something they love it is like they are fine tuning their focus and attention to detail it is fascinating to see their dedication and how much they enjoy it,Repetitive Behavior-,+,Non-ASD,236,44,3,0.30999999999999994,0.4800000000000001,0,0,0,0,0,5
i have noticed our toddler finds comfort in certain repetitive behaviors it seems to calm them down when they are anxious or overwhelmed it is like their way of self soothing,Repetitive Behavior-,+,Non-ASD,173,33,3,-0.028253968253968247,0.572063492063492,0,0,0,0,0,3
i have noticed our toddler is repetitive behaviors often accompany their intense focus and passion for specific topics or activities it is incredible to see how dedicated they are when pursuing something they are interested in,Repetitive Behavior-,+,Non-ASD,223,38,2,0.22000000000000003,0.5549999999999999,0,0,0,0,0,4
i have noticed our toddler is repetitive behaviors often align with their deep interest in specific subjects it is amazing how focused and detail oriented they become when engaging in these activities,Repetitive Behavior-,+,Non-ASD,198,33,2,0.15000000000000002,0.475,0,0,0,0,0,3
i have noticed that my toddler is interest in arranging toys showcases impressive organizational skills it is amazing to see how they categorize and arrange items,Toy Arranging-,+,Non-ASD,160,28,2,0.8,0.95,0,0,0,0,0,3
i have noticed that tiptoe flapping seems to be a way for my toddler to self regulate it appears to help them manage stress or excitement,Tiptoe Flapping-,+,Non-ASD,137,27,2,0.0,0.0,0,0,0,0,0,1
i have noticed that word repetition is a significant part of how my toddler communicates it is their way of expressing thoughts and feelings,Word Repetition-,+,Non-ASD,139,26,2,0.375,0.875,0,0,0,0,0,2
i have noticed that word repetition is my toddler is way of communicating and expressing themselves it is a part of their unique language,Word Repetition-,+,Non-ASD,135,26,2,0.375,1.0,0,0,0,0,0,3
in environments that embrace sign language it can facilitate social connections with others who understand and use it fostering a sense of belonging,Sign Communication+,+,Non-ASD,151,26,1,0.03333333333333333,0.06666666666666667,0,0,0,0,0,0
in environments where sign language is not recognized or understood my toddler might struggle to express themselves or comprehend others leading to frustration and isolation,Sharing Interest+,-,ASD,175,28,1,0.0,0.0,0,0,0,0,0,1
in noisy environments my toddler might find it challenging to concentrate or communicate effectively impacting their participation in conversations or activities,Noise Sensitivity-,-,ASD,164,24,1,0.55,0.9,0,0,0,0,0,0
in noisy environments my toddler might find it difficult to concentrate or communicate effectively hindering their ability to participate in conversations or activities,Noise Sensitivity-,-,ASD,171,26,1,0.04999999999999999,0.9,0,0,0,0,0,0
in noisy environments my toddler might find it hard to focus or communicate effectively hindering their ability to participate in conversations or activities,Noise Sensitivity-,-,ASD,160,26,1,0.15416666666666665,0.6708333333333334,0,0,0,0,0,0
in noisy environments my toddler might struggle to concentrate or communicate effectively hindering their ability to engage in conversations or activities,Noise Sensitivity-,-,ASD,157,24,1,0.6,0.8,0,0,0,0,0,0
in noisy environments my toddler might struggle to concentrate or communicate effectively impacting their ability to engage in conversations or activities,Noise Sensitivity-,-,ASD,157,24,1,0.6,0.8,0,0,0,0,0,0
in noisy settings my toddler might struggle to focus or communicate effectively leading to difficulties in understanding conversations or expressing themselves,Noise Sensitivity-,-,ASD,162,24,1,0.6,0.8,0,0,0,0,0,0
in situations where sign language is not recognized my toddler might struggle to express themselves or understand others creating frustration or communication breakdowns,Sharing Interest+,-,ASD,171,26,1,0.0,0.0,0,0,0,0,0,1
in situations where sign language is not recognized my toddler might struggle to express themselves or understand others creating frustration or communication breakdowns,Sign Communication+,-,ASD,171,26,1,0.0,0.0,0,0,0,0,0,1
it can be difficult to explain to others why my toddler is fixated on arranging toys some people might not understand this behavior leading to judgment or misunderstanding,Toy Arranging-,-,ASD,174,31,3,-0.5,1.0,0,0,0,0,0,0
it could act as a nonverbal way for my toddler to communicate their emotions or needs when verbalizing is challenging,Finger Movements-,+,Non-ASD,119,21,1,0.5,1.0,0,0,0,0,0,0
it could potentially serve as a nonverbal way of communication helping them convey emotions or needs when verbalizing is challenging,Finger Movements-,+,Non-ASD,135,22,2,0.25,1.0,0,0,0,0,0,0
it feels like my toddler gets stuck repeating certain words hindering their overall communication development i am concerned about their growth,Word Repetition-,-,ASD,145,24,3,0.10714285714285714,0.2857142857142857,0,0,0,0,0,1
it feels like my toddler is stuck in a loop repeating the same words without advancing i am concerned about their overall language development,Word Repetition-,-,ASD,144,27,3,0.0,0.0625,0,0,0,0,0,1
it feels like my toddler is trapped in a cycle repeating the same words without progression i fear it might impede their language development,Word Repetition-,-,ASD,144,27,3,-0.1,0.0625,0,0,0,0,0,0
it feels like my toddler is not making progress they keep echoing the same words without advancing or learning new ones,Word Repetition-,-,ASD,119,22,1,0.06818181818181818,0.2897727272727273,0,0,0,0,0,1
it feels like my toddler is not moving forward they are stuck in a loop of repeating the same words without expanding their vocabulary,Word Repetition-,-,ASD,133,25,1,0.0,0.125,0,0,0,0,0,2
it might act as a way for my toddler to communicate their feelings or needs when verbal communication is challenging,Finger Movements-,+,Non-ASD,117,21,1,0.5,1.0,0,0,0,0,0,0
it might serve as a way for my toddler to communicate emotions or needs non verbally aiding in expression,Finger Movements-,+,Non-ASD,107,20,2,0.0,0.0,0,0,0,0,0,0
it might serve as a way for my toddler to communicate their feelings or needs when verbal communication is challenging,Finger Movements-,+,Non-ASD,119,21,1,0.5,1.0,0,0,0,0,0,0
it is a reminder that my toddler has their unique way of interacting with the world tiptoe flapping is a part of who they are and what makes them comfortable,Tiptoe Flapping-,+,Non-ASD,158,32,2,0.3875,0.9,0,0,0,0,0,1
it is challenging not knowing how my toddler will react to change sometimes resulting in difficult or challenging behaviors,Change Reaction-,-,ASD,124,21,2,0.16666666666666666,1.0,0,0,0,0,0,1
it is difficult not knowing how my toddler will react to change sometimes leading to challenging or difficult behaviors,Change Reaction-,-,ASD,120,21,2,-0.16666666666666666,1.0,0,0,0,0,0,1
it is fascinating to see how certain words or phrases are a source of comfort or joy for my toddler it is a way for us to connect and understand their preferences,Word Repetition-,+,Non-ASD,162,34,2,0.5714285714285715,0.5404761904761904,0,0,0,0,0,2
it is sometimes hard to explain their fixation on toy arranging to others it can lead to misunderstanding or judgment from friends or family,Toy Arranging-,-,ASD,141,26,2,-0.2916666666666667,0.5416666666666666,0,0,0,0,0,1
it is tough not knowing how my toddler will react to change sometimes resulting in challenging or difficult behaviors,Change Reaction-,-,ASD,118,21,2,-0.12962962962962962,0.9444444444444445,0,0,0,0,0,1
it is tough not knowing how my toddler will react to change sometimes resulting in difficult or challenging behaviors,Change Reaction-,-,ASD,118,21,2,-0.12962962962962962,0.9444444444444445,0,0,0,0,0,1
it is tough not knowing how my toddler will respond to change sometimes resulting in difficult or challenging behaviors,Change Reaction-,-,ASD,120,21,2,-0.12962962962962962,0.9444444444444445,0,0,0,0,0,1
it is understandable to have concerns but remember echo l alia can serve various purposes it might help them process language or communicate their needs it is about understanding how they use it and finding ways to expand their communication skills beyond repetition,Word Repetition-,-,ASD,267,46,5,0.0,0.5,0,0,0,0,0,2
lack of eye contact might hinder my toddler is ability to connect with others impacting their social interactions and relationships,Eye Contact+,+,Non-ASD,132,22,2,0.03333333333333333,0.06666666666666667,0,0,0,0,0,1
learning additional methods of communication alongside sign language could broaden my toddler is ability to interact with a diverse range of people and situations,Sign Communication+,-,ASD,162,25,1,0.0,0.0,0,0,0,0,0,1
learning coping strategies such as deep breathing or self soothing techniques empowers my toddler to manage noise sensitivity effectively,Noise Sensitivity-,+,Non-ASD,138,19,1,0.19999999999999998,0.5666666666666668,0,0,0,0,0,0
learning sign language can potentially enhance cognitive development promoting multitasking and strengthening memory and language skills,Sign Communication+,+,Non-ASD,139,19,1,0.0,1.0,0,0,0,0,0,0
maintaining focus for extended periods is tough for them affecting their learning and ability to engage in activities that require sustained attention,Attention Respanse+,-,ASD,152,24,2,-0.3888888888888889,0.8333333333333334,0,0,0,0,0,0
multitasking or managing multiple instructions becomes overwhelming for my toddler affecting their productivity in certain situations,Attention Respanse+,-,ASD,136,18,2,0.2380952380952381,0.5238095238095238,0,0,0,0,0,0
my toddler faces difficulties in diverting attention when needed it becomes challenging for them to shift focus from a preferred activity to a required task impacting their learning or participation in activities,Attention Respanse+,-,ASD,215,35,3,0.5,1.0,0,0,0,0,0,0
my toddler gets easily distracted making it challenging for them to concentrate in environments with various stimuli or noise,Attention Respanse+,-,ASD,127,21,2,0.3111111111111111,0.7777777777777778,0,0,0,0,0,0
my toddler gets easily overwhelmed by distractions which can disrupt their concentration or focus during tasks,Attention Respanse+,-,ASD,112,18,2,0.43333333333333335,0.8333333333333334,0,0,0,0,0,0
my toddler may express empathy in more subtle or unique ways such as through actions or thoughtful gestures,Emotional Empathy+,+,Non-ASD,109,20,2,0.18833333333333335,0.6,0,0,0,0,0,0
my toddler might express empathy in ways that are different but equally meaningful such as through actions or offering practical help,Emotional Empathy+,+,Non-ASD,135,23,2,0.16666666666666666,0.5333333333333333,0,0,0,0,0,0
my toddler might feel isolated or excluded in environments where sign language interpretation or support is not provided impacting their sense of belonging and participation,Sign Communication+,-,ASD,175,27,1,0.0,0.0,0,0,0,0,0,0
my toddler might show empathy in different yet meaningful ways such as through actions or by providing practical help,Emotional Empathy+,+,Non-ASD,120,22,3,0.16666666666666666,0.5333333333333333,0,0,0,0,0,0
my toddler struggles with distractions and finds it challenging to concentrate when there is too much sensory input or background noise,Attention Respanse+,-,ASD,135,22,1,0.35,0.6,0,0,0,0,0,1
my toddler is interest in arranging toys showcases remarkable organizational skills it is impressive to see how they categorize and arrange items,Toy Arranging-,+,Non-ASD,145,24,2,0.875,0.875,0,0,0,0,0,2
my toddler is limited eye contact might reflect their respect for personal boundaries and sensitivity to visual stimuli,Eye Contact+,-,ASD,119,19,1,-0.023809523809523808,0.14761904761904762,0,0,0,0,0,1
my toddler is limited eye contact might reflect their respect for personal space and sensitivity to visual stimuli,Eye Contact+,-,ASD,114,19,1,-0.023809523809523808,0.14761904761904762,0,0,0,0,0,1
my toddler is sensitivity to noise might come with heightened awareness in other senses fostering a unique perspective and strengths in other areas,Noise Sensitivity-,+,Non-ASD,148,25,1,0.041666666666666664,0.5833333333333334,0,0,0,0,0,1
my toddler is sensitivity to noise might come with heightened sensitivity in other senses leading to unique perspectives and strengths in other areas,Noise Sensitivity-,+,Non-ASD,150,25,1,0.041666666666666664,0.5833333333333334,0,0,0,0,0,1
not being able to follow pointing gestures could impact their learning experiences potentially affecting their understanding of certain concepts or instructions,Follow Pointing+,-,ASD,162,23,2,0.2380952380952381,0.7321428571428571,0,0,0,0,0,0
not following pointing gestures could affect their learning experiences potentially hindering their ability to grasp certain concepts or instructions,Follow Pointing+,-,ASD,151,21,2,0.07142857142857142,0.5571428571428572,0,0,0,0,0,0
not following pointing gestures could affect their learning experiences potentially hindering their understanding of specific concepts or instructions,Follow Pointing+,-,ASD,152,20,2,0.0,0.4083333333333334,0,0,0,0,0,0
others might misconstrue my toddler is limited eye contact as a lack of empathy or emotional connection,Eye Contact+,+,Non-ASD,103,18,1,-0.03571428571428571,0.39642857142857146,0,0,0,0,0,1
others might misconstrue my toddler is struggle with emotional empathy as a lack of understanding or concern for others emotions,Emotional Empathy+,-,ASD,129,22,1,0.0,0.65,0,0,0,0,0,1
others might misinterpret my toddler is difficulty with emotional empathy as indifference affecting how they are perceived in social interactions,Emotional Empathy+,-,ASD,146,22,2,0.016666666666666666,0.35833333333333334,0,0,0,0,0,1
others might misinterpret my toddler is lack of eye contact as a lack of empathy or emotional understanding,Eye Contact+,+,Non-ASD,107,19,1,0.0,0.65,0,0,0,0,0,1
others might mistake my toddler is difficulty in expressing emotional empathy as a lack of care or concern for others feelings,Emotional Empathy+,-,ASD,127,23,1,0.0,0.65,0,0,0,0,0,1
others might wrongly perceive my toddler is struggle with emotional empathy as a lack of understanding or caring for others emotions,Emotional Empathy+,-,ASD,133,23,1,-0.25,0.775,0,0,0,0,0,1
raising awareness about noise sensitivity helps others understand and accommodate my toddler is needs in various settings,Noise Sensitivity-,+,Non-ASD,121,18,1,0.0,0.5,0,0,0,0,0,1
recognizing the purpose of these behaviors allows us to understand my toddler is needs better and find ways to accommodate them for their comfort,Repetitive Behavior-,+,Non-ASD,145,25,1,0.5,0.5,0,0,0,0,0,1
repetitive behaviors act as a coping mechanism assisting my toddler in regulating emotions and managing sensory input,Repetitive Behavior-,+,Non-ASD,119,19,2,-0.25,0.25,0,0,0,0,0,0
repetitive behaviors might interfere with learning causing difficulties in focusing on tasks or following instructions,Repetitive Behavior-,-,ASD,120,17,2,-0.125,0.175,0,0,0,0,0,0
repetitive behaviors might lead to social isolation or exclusion from group activities impacting my toddler is ability to make friends,Repetitive Behavior-,-,ASD,135,22,2,-0.10833333333333334,0.15833333333333333,0,0,0,0,0,1
repetitive behaviors often serve as a self soothing mechanism helping my toddler manage stress or anxiety in overwhelming situations,Repetitive Behavior-,+,Non-ASD,134,20,2,0.125,0.625,0,0,0,0,0,0
sign language is a powerful tool for effective communication it allows my toddler to express themselves more clearly and understand others better,Sign Communication+,+,Non-ASD,147,24,2,0.4,0.6366666666666666,0,0,0,0,0,0
structured environments and routines help them concentrate better creating an optimal setting for learning and productivity,Attention Respanse+,+,Non-ASD,125,18,2,0.5,0.5,0,0,0,0,0,0
structured routines and predictable schedule said in maintaining attention and focus making it easier for them to stay on task,Attention Respanse+,+,Non-ASD,128,22,2,-0.2,0.5,0,0,0,0,0,0
success and accomplishment in their focused interests can boost their confidence and self esteem supporting their overall development,Focused Attention+,-,ASD,135,19,2,0.18333333333333335,0.08333333333333333,0,0,0,0,0,0
success and accomplishment in their focused interests can boost their confidence and self esteem supporting their overall development,Focused Attention+,-,ASD,135,19,2,0.18333333333333335,0.08333333333333333,0,0,0,0,0,0
success and achievement in their focused interests can significantly boost their confidence and self esteem,Finger Movements-,+,Non-ASD,108,15,1,0.3375,0.4375,0,0,0,0,0,0
success and achievement in their focused interests can significantly boost their confidence and self esteem supporting their overall development,Focused Attention+,-,ASD,146,20,2,0.23125,0.28125,0,0,0,0,0,0
sudden loud noise scan disrupt my toddler is routines leading to increased stress and difficulty in regaining their focus or calmness,Noise Sensitivity-,-,ASD,134,23,1,0.05,0.65,0,0,0,0,0,1
sudden loud noise scan disrupt routines or activities causing distress and making it hard for my toddler to regain their focus or calm,Noise Sensitivity-,-,ASD,136,25,1,0.02708333333333334,0.6479166666666667,0,0,0,0,0,0
teaching my toddler coping mechanisms like deep breathing or using sensory tools enables them to self regulate and manage their sensitivity effectively,Noise Sensitivity-,+,Non-ASD,152,22,1,0.3,0.6000000000000001,0,0,0,0,0,0
teaching my toddler coping strategies like deep breathing or using sensory tools empowers them to self regulate and manage their sensitivity effectively,Noise Sensitivity-,+,Non-ASD,153,22,1,0.3,0.6000000000000001,0,0,0,0,0,0
their ability to intensely focus can result in the development of exceptional skills and abilities within their area of interest,Focused Attention+,-,ASD,129,21,1,0.43333333333333335,1.0,0,0,0,0,0,0
their ability to intensely focus on specific tasks may result in exceptional skills or capabilities within their area of interest,Focused Attention+,-,ASD,130,21,1,0.2888888888888889,0.7083333333333334,0,0,0,0,0,0
their ability to intensely focus on specific tasks may result in exceptional skills or capabilities within their area of interest,Focused Attention+,-,ASD,130,21,1,0.2888888888888889,0.7083333333333334,0,0,0,0,0,0
their ability to intensely focus on specific tasks may result in the development of exceptional skills and talents,Focused Attention+,-,ASD,115,19,1,0.2888888888888889,0.7083333333333334,0,0,0,0,0,0
their ability to intensely focus on specific tasks may result in the development of exceptional skills and talents,Finger Movements-,+,Non-ASD,115,19,1,0.2888888888888889,0.7083333333333334,0,0,0,0,0,0
their attention span for certain activities or tasks is limited impacting their ability to complete tasks or participate in lengthy activities,Attention Respanse+,-,ASD,144,23,2,0.08095238095238096,0.37142857142857144,0,0,0,0,0,0
their attention to detail is exceptional and often leads to noticing things that others might overlook demonstrating a unique perspective,Attention Respanse+,+,Non-ASD,139,22,2,0.5208333333333333,1.0,0,0,0,0,0,0
their attention to specific interests helps them build deep expertise in those areas possibly leading to unique talents or future career paths,Attention Respanse+,+,Non-ASD,144,24,2,0.075,0.53,0,0,0,0,0,0
their challenge in following pointing gestures could cause them to miss important social cues impacting their interactions and social relationships,Follow Pointing+,-,ASD,149,22,2,0.11666666666666667,0.30833333333333335,0,0,0,0,0,0
their challenge in following pointing gestures could cause them to miss out on important social cues impacting their ability to engage in conversations and social interactions,Follow Pointing+,-,ASD,177,28,2,0.11666666666666667,0.30833333333333335,0,0,0,0,0,0
their communication style might differ but it is still valid and meaningful in expressing themselves,Eye Contact+,-,ASD,101,17,2,0.5,0.5,0,0,0,0,0,1
their dedication to arranging toys reflects creativity and attention to detail it is fascinating to witness the patterns and designs they create,Toy Arranging-,+,Non-ASD,145,24,2,0.7,0.8500000000000001,0,0,0,0,0,1
their difficulty in sharing interests might limit their chances to build friendships or engage in group activities,Sharing Interest+,-,ASD,115,18,1,0.0,0.0,0,0,0,0,0,0
their expression of empathy might be authentic and heartfelt even if different from what is conventionally expected,Emotional Empathy+,+,Non-ASD,116,19,2,0.1,0.6875,0,0,0,0,0,1
their expression of empathy might be genuine and heartfelt even if it is not as visible or conventional,Emotional Empathy+,+,Non-ASD,104,20,2,0.08571428571428573,0.6190476190476191,0,0,0,0,0,1
their finger movements could be a form of creative expression allowing them to explore their imagination and ideas,Finger Movements-,+,Non-ASD,116,20,2,0.5,1.0,0,0,0,0,0,0
their finger movements could serve as a self soothing mechanism helping them cope with anxiety or stress,Finger Movements-,+,Non-ASD,106,18,2,0.0,0.0,0,0,0,0,0,0
their finger movements might act as a self regulation technique helping them manage emotions or anxiety,Finger Movements-,+,Non-ASD,105,17,2,0.0,0.0,0,0,0,0,0,0
their finger movements might represent a form of creative expression allowing them to explore and express themselves uniquely,Finger Movements-,+,Non-ASD,127,20,2,0.4375,1.0,0,0,0,0,0,0
their finger movements might serve as a self soothing mechanism helping them regulate emotions or calm themselves when feeling anxious,Finger Movements-,+,Non-ASD,136,21,2,0.025000000000000022,0.875,0,0,0,0,0,0
their finger movements might serve as a self soothing mechanism helping them regulate emotions or cope with anxiety,Finger Movements-,+,Non-ASD,117,19,2,0.0,0.0,0,0,0,0,0,0
their fixation on arranging toys in a specific way might make it hard for them to play with other toddler ren peers may not understand or join in their play,Toy Arranging-,-,ASD,157,31,2,-0.1388888888888889,0.34722222222222215,0,0,0,0,0,0
their focus on arranging toys in a specific way might make it hard for them to engage in shared play with other toddler ren peers may not understand their preferences,Toy Arranging-,-,ASD,167,31,2,-0.1388888888888889,0.34722222222222215,0,0,0,0,0,0
their hesitation in sharing offers a unique viewpoint it highlights their individuality and the depth of their thoughts,Sharing Interest+,+,Non-ASD,121,20,2,0.2375,0.5,0,0,0,0,0,0
their intense focus allows for a deep understanding and knowledge in their area of interest potentially leading to expertise or talent,Focused Attention+,-,ASD,136,23,2,0.06666666666666667,0.7999999999999999,0,0,0,0,0,0
their intense focus allows for indepth learning and understanding in their chosen areas of interest potentially leading to expertise and proficiency,Focused Attention+,-,ASD,151,23,2,0.1,1.0,0,0,0,0,0,0
their intense focus allows them to develop a deep understanding and expertise in their area of interest,Focused Attention+,-,ASD,104,18,1,0.1,0.7,0,0,0,0,0,0
their intense focus can fuel passion and commitment potentially leading to perseverance and success in their chosen field,Focused Attention+,-,ASD,123,20,2,0.16666666666666666,0.6666666666666666,0,0,0,0,0,0
their intense focus can fuel their passion and commitment driving them to excel and achieve in their chosen field,Finger Movements-,+,Non-ASD,115,21,2,0.2,1.0,0,0,0,0,0,0
their intense focus can fuel their passion and commitment fostering dedication and determination to pursue their goals,Focused Attention+,-,ASD,120,19,2,0.2,1.0,0,0,0,0,0,0
their intense focus can lead to in depth knowledge and expertise in specific subjects fostering unique skills or talents,Attention Respanse+,+,Non-ASD,122,20,2,0.19166666666666665,0.7083333333333334,0,0,0,0,0,0
their intense focus can translate into dedication and passion which could foster perseverance and commitment in pursuing their interests,Focused Attention+,-,ASD,138,21,2,0.2,1.0,0,0,0,0,0,0
their intense focus might cause them to overlook other important subjects or learning opportunities affecting their overall education,Focused Attention+,+,Non-ASD,135,20,2,0.11875000000000001,0.59375,0,0,0,0,0,0
their intense focus might lead to neglecting other important subjects or areas of learning impacting their overall education,Focused Attention+,+,Non-ASD,126,20,2,0.11875000000000001,0.59375,0,0,0,0,0,0
their intense focus might lead to overlooking other essential learning opportunities or subjects affecting their overall education,Focused Attention+,+,Non-ASD,132,19,2,0.018750000000000003,0.41875,0,0,0,0,0,0
their intense focus might make it challenging to participate in conversations or group activities leading to social isolation or feeling left out,Focused Attention+,+,Non-ASD,147,24,2,0.18333333333333332,0.5166666666666667,0,0,0,0,0,0
their intense focus might make it difficult for them to engage in social interactions that do not align with their interests impacting their ability to build relationships,Focused Attention+,+,Non-ASD,172,29,2,-0.08888888888888889,0.688888888888889,0,0,0,0,0,1
their intense focus might make it difficult for them to engage in social interactions that do not align with their interests potentially impacting their ability to form friendships,Focused Attention+,+,Non-ASD,181,30,2,-0.06666666666666667,0.7666666666666667,0,0,0,0,0,1
their intense focus might make social interactions difficult as they may find it challenging to engage in conversations or activities that deviate from their interests,Focused Attention+,+,Non-ASD,168,26,1,0.058333333333333334,0.7666666666666666,0,0,0,0,0,0
their intense focus might make social interactions difficult as they might struggle to engage in conversations or activities that do not align with their interests,Focused Attention+,+,Non-ASD,165,27,2,-0.08888888888888889,0.6888888888888888,0,0,0,0,0,0
their intense focus on specific interests can be nurtured to develop expertise potentially leading to exceptional skills or careers,Attention Respanse+,+,Non-ASD,133,21,2,0.21666666666666667,0.78125,0,0,0,0,0,0
their intense focus on specific interests often reflects deep knowledge and passion it is incredible to witness their dedication,Sharing Interest+,+,Non-ASD,129,21,2,0.275,0.60625,0,0,0,0,0,1
their limited demonstration of emotional empathy might affect their ability to connect deeply with others leading to challenges informing friendships and relationships,Emotional Empathy+,-,ASD,170,25,2,-0.023809523809523808,0.3976190476190477,0,0,0,0,0,0
their limited display of emotional empathy might affect their ability to form deep connections impacting friendships and relationships,Emotional Empathy+,-,ASD,136,20,2,-0.023809523809523808,0.3976190476190477,0,0,0,0,0,0
their limited display of emotional empathy might hinder their ability to connect deeply with others affecting their relationships and friendships,Emotional Empathy+,-,ASD,147,22,2,-0.023809523809523808,0.3976190476190477,0,0,0,0,0,0
their reaction to change might affect their ability to adapt in social situations making it harder for them to participate in group activities or new environments,Change Reaction-,-,ASD,164,28,2,0.023232323232323226,0.17373737373737375,0,0,0,0,0,0
their reaction to change might affect their social interactions making it harder for them to comfortably engage in new situations,Change Reaction-,-,ASD,131,22,2,0.11742424242424243,0.3303030303030303,0,0,0,0,0,0
their reaction to change might impact their social interactions hindering their ability to comfortably engage in new environments or situations,Change Reaction-,-,ASD,145,22,2,0.1898989898989899,0.4404040404040404,0,0,0,0,0,0
their reaction to change might impact their social interactions making it harder to comfortably engage in new activities or environments,Change Reaction-,-,ASD,138,22,2,0.11742424242424243,0.3303030303030303,0,0,0,0,0,0
their reaction to change might impact their social interactions making it harder to engage comfortably in new activities or environments,Change Reaction-,-,ASD,138,22,2,0.023232323232323226,0.17373737373737375,0,0,0,0,0,0
their reaction to change might impact their social interactions making it harder to engage in new activities or environments comfortably,Change Reaction-,-,ASD,138,22,2,0.11742424242424243,0.3303030303030303,0,0,0,0,0,0
their reluctance to share interests might lead to social isolation peers may find it hard to engage or relate to my toddler,Sharing Interest+,-,ASD,125,24,2,-0.12916666666666668,0.30416666666666664,0,0,0,0,0,0
their reluctance to share interests might lead to social isolation peers may find it hard to engage or relate to my toddler,Sharing Interest+,-,ASD,125,24,2,-0.12916666666666668,0.30416666666666664,0,0,0,0,0,0
their reluctance to share might indicate a need for comfort and security it is a way for them to feel safe in their own space,Sharing Interest+,+,Non-ASD,126,27,2,0.55,0.75,0,0,0,0,0,1
their strong attachment to arranging toys in a specific way might hinder their ability to play cooperatively with other toddler ren peers might not understand or join in their play,Toy Arranging-,-,ASD,181,31,2,0.10277777777777776,0.41111111111111115,0,0,0,0,0,0
their struggle to display emotional empathy might affect their ability to build and maintain deep connections with peers and family members,Emotional Empathy+,-,ASD,140,22,1,0.0,0.525,0,0,0,0,0,0
their struggle to express emotional empathy might hinder their ability to connect deeply with others potentially affecting their friendships and relationships,Emotional Empathy+,-,ASD,160,23,2,0.0,0.6833333333333332,0,0,0,0,0,0
their struggle to follow pointing gestures could lead to missing out on important social cues affecting their ability to engage effectively in conversations,Follow Pointing+,-,ASD,158,25,2,0.20833333333333331,0.4791666666666667,0,0,0,0,0,0
their struggle to follow pointing gestures might lead to missing out on social cues impacting their ability to participate actively in conversations or activities,Follow Pointing+,-,ASD,164,26,2,-0.10000000000000002,0.2388888888888889,0,0,0,0,0,0
their struggle to follow pointing gestures might make it challenging for them to pick up social cues impacting their ability to engage in conversations and activities,Follow Pointing+,-,ASD,168,28,2,0.26666666666666666,0.5333333333333333,0,0,0,0,0,0
their tiptoe flapping might draw unwanted attention or make it hard for them to blend in with peers other toddler ren might not understand or accept this behavior,Tiptoe Flapping-,-,ASD,163,29,2,-0.20833333333333334,0.4583333333333333,0,0,0,0,0,0
their tiptoe flapping often happens when they are happy or excited it is a visible way for them to express their emotions,Tiptoe Flapping-,+,Non-ASD,121,24,2,0.5875,0.875,0,0,0,0,0,2
their unique communication style offers a different perspective enabling meaningful connections with individuals who understand their way of communication,Follow Pointing+,+,Non-ASD,156,21,2,0.24375,0.525,0,0,0,0,0,0
their unique way of communication offers a different perspective allowing for meaningful connections with individuals who understand their communication style,Follow Pointing+,+,Non-ASD,160,22,2,0.24375,0.525,0,0,0,0,0,0
their way of communicating might be different but it is still valid and meaningful in expressing themselves,Eye Contact+,-,ASD,108,19,2,0.25,0.55,0,0,0,0,0,1
their way of expressing empathy could be authentic and sincere albeit different from societal expectations,Emotional Empathy+,+,Non-ASD,108,17,2,0.3333333333333333,0.6166666666666667,0,0,0,0,0,0
their way of expressing empathy might be genuine and heartfelt albeit different from what society expects,Emotional Empathy+,+,Non-ASD,107,18,2,0.13333333333333333,0.7000000000000001,0,0,0,0,0,0
there might be a social stigma attached to using sign language my toddler could face judgment or exclusion from those unfamiliar with or insensitive to alternative forms of communication,Sharing Interest+,-,ASD,188,31,2,0.03333333333333333,0.06666666666666667,0,0,0,0,0,0
there might be a social stigma attached to using sign language my toddler could face judgment or exclusion from those unfamiliar with or insensitive to alternative forms of communication,Sign Communication+,-,ASD,188,31,2,0.03333333333333333,0.06666666666666667,0,0,0,0,0,0
there is a concern about potential social stigma attached to using sign language my toddler might face judgment or exclusion from those unfamiliar with or insensitive to alternative forms of communication,Sharing Interest+,-,ASD,205,33,2,0.016666666666666666,0.5333333333333333,0,0,0,0,0,1
there is a fear of societal stigma or misunderstanding surrounding repetitive behaviors which could lead to judgment or exclusion,Repetitive Behavior-,-,ASD,130,21,2,-0.25,0.25,0,0,0,0,0,1
there is a societal expectation for constant eye contact and my toddler is inability to maintain it might lead to social stigma or judgment,Eye Contact+,+,Non-ASD,139,26,2,0.016666666666666666,0.19999999999999998,0,0,0,0,0,2
there is an expectation for overt emotional responses and my toddler is challenge in conveying empathy might result in social isolation or feelings of being misunderstood,Emotional Empathy+,-,ASD,170,28,2,0.016666666666666666,0.35833333333333334,0,0,0,0,0,2
there is immense pressure for visible emotional responses and my toddler is challenge in displaying empathy might lead to social exclusion or misconceptions,Emotional Empathy+,-,ASD,156,25,2,0.011111111111111112,0.5722222222222222,0,0,0,0,0,2
there is societal pressure for consistent eye contact and my toddler is difficulty in maintaining it might lead to social judgment or exclusion,Eye Contact+,+,Non-ASD,143,25,2,0.14166666666666666,0.15833333333333333,0,0,0,0,0,2
there is societal pressure for visible emotional expressions and my toddler is challenge in showing empathy might lead to misunderstandings or social isolation,Emotional Empathy+,-,ASD,159,25,2,0.016666666666666666,0.35833333333333334,0,0,0,0,0,2
there is societal pressure to express emotions visibly and my toddler is challenge in doing so might lead to misunderstandings or social exclusion,Emotional Empathy+,-,ASD,146,25,2,0.03333333333333333,0.06666666666666667,0,0,0,0,0,2
these behaviors provide comfort and predictability to my toddler offering a sense of security and familiarity,Repetitive Behavior-,+,Non-ASD,111,18,2,0.0,0.0,0,0,0,0,0,0
they find it hard to switch attention from one task to another impacting their ability to adapt to changing situations or instructions,Attention Respanse+,-,ASD,136,24,2,-0.2916666666666667,0.5416666666666666,0,0,0,0,0,0
they find it hard to switch their attention from one task to another leading to frustration and making it tough for them to adapt to changes,Attention Respanse+,-,ASD,142,28,2,-0.3402777777777778,0.6875,0,0,0,0,0,0
they have trouble shifting attention from one task or subject to another leading to frustration and difficulty adapting to new situations,Attention Respanse+,-,ASD,139,23,2,-0.07676767676767678,0.32929292929292925,0,0,0,0,0,0
they may express empathy through actions attentive listening or finding practical ways to assist others,Emotional Empathy+,+,Non-ASD,106,18,3,0.4,0.9,0,0,0,0,0,0
they may express empathy through thoughtful actions attentive listening or finding practical ways to help others,Emotional Empathy+,+,Non-ASD,115,19,3,0.4,0.7,0,0,0,0,0,0
they might be sensitive observers showing empathy through listening offering practical help or providing comfort in their own ways,Emotional Empathy+,+,Non-ASD,134,23,4,0.35,0.95,0,0,0,0,0,0
they might use alternative means to communicate and connect such as listening attentively or using different expressive methods,Eye Contact+,-,ASD,129,20,2,0.30000000000000004,0.75,0,0,0,0,0,0
they might use alternative ways to connect such as listening attentively or expressing themselves through different means,Eye Contact+,-,ASD,123,19,2,0.13333333333333333,0.6666666666666666,0,0,0,0,0,0
they might use different means to connect such as listening attentively or expressing themselves through alternative communication methods,Eye Contact+,-,ASD,140,20,2,0.13333333333333333,0.6666666666666666,0,0,0,0,0,0
they might use other cues such as listening attentively or expressing themselves through different means to connect with people,Eye Contact+,-,ASD,130,22,3,0.06875,0.59375,0,0,0,0,0,0
they notice details that others might miss showcasing a keen eye for specifics and demonstrating a unique perspective,Attention Respanse+,+,Non-ASD,119,20,2,0.375,1.0,0,0,0,0,0,0
they tend to fixate on specific details or interests making it hard to engage in broader or more varied activities,Attention Respanse+,-,ASD,116,22,2,0.06944444444444443,0.38888888888888884,0,0,0,0,0,0
through finger movements they might be exploring different sensations or textures aiding in sensory processing and understanding,Finger Movements-,+,Non-ASD,131,20,3,0.0,0.6,0,0,0,0,0,0
through finger movements they might be exploring different sensations aiding in sensory processing and understanding,Finger Movements-,+,Non-ASD,119,18,3,0.0,0.6,0,0,0,0,0,0
through finger movements they might be exploring different textures or sensations aiding in sensory exploration and processing,Finger Movements-,+,Non-ASD,129,20,3,0.0,0.6,0,0,0,0,0,0
through finger movements they might be exploring different textures or sensations aiding in sensory processing and understanding,Finger Movements-,+,Non-ASD,131,20,3,0.0,0.6,0,0,0,0,0,0
through finger movements they might be exploring textures or sensations aiding in their sensory processing and understanding,Finger Movements-,+,Non-ASD,127,20,3,0.0,0.0,0,0,0,0,0,0
too much information at once can overwhelm them causing shutdowns or avoidance of tasks that require sustained attention,Attention Respanse+,-,ASD,122,20,2,0.2,0.2,0,0,0,0,0,0
too much information or sensory input can overwhelm my toddler causing them to shut down or become hyper focused on certain details hindering their overall understanding,Attention Respanse+,-,ASD,171,28,3,0.06468253968253967,0.2650793650793651,0,0,0,0,0,0
trouble in following pointing might limit their involvement in group activities impacting their social inclusion and opportunities for engagement,Follow Pointing+,-,ASD,147,21,2,-0.05555555555555556,0.12222222222222223,0,0,0,0,0,0
unanticipated loud noise scan disrupt my toddler is routines leading to increased stress and difficulty in regaining their focus or calmness,Noise Sensitivity-,-,ASD,141,23,1,0.1,0.8,0,0,0,0,0,1
understanding and accepting their distinct way of interacting and communicating can create an environment that appreciates diverse communication styles,Follow Pointing+,+,Non-ASD,152,20,1,0.3,0.3,0,0,0,0,0,0
understanding and accepting their unique way of interacting and communicating can create an environment that values diverse communication styles,Follow Pointing+,+,Non-ASD,145,20,1,0.375,1.0,0,0,0,0,0,0
understanding and accepting their unique way of interacting and communicating can foster an environment that values diverse communication styles,Follow Pointing+,+,Non-ASD,145,20,1,0.375,1.0,0,0,0,0,0,0
understanding my toddler is noise sensitivity allows us to provide accommodations such as noise canceling headphones or quiet spaces helping them cope better in noisy environments,Noise Sensitivity-,+,Non-ASD,180,27,1,0.16666666666666666,0.4444444444444444,0,0,0,0,0,1
understanding noise sensitivity allows us to create a supportive environment and provide tools like noise canceling headphones or quiet spaces to help my toddler cope,Noise Sensitivity-,+,Non-ASD,167,25,1,0.25,0.6666666666666666,0,0,0,0,0,0
understanding their triggers and preferences allows me to create personalized strategies to ease the impact of change on my toddler,Change Reaction-,+,Non-ASD,132,21,1,0.0,0.0,0,0,0,0,0,0
understanding their triggers and preferences allows me to create personalized strategies to ease the impact of change on my toddler,Change Reaction-,+,Non-ASD,132,21,1,0.0,0.0,0,0,0,0,0,0
understanding their triggers and preferences allows me to create personalized strategies to ease the impact of change on my toddler,Change Reaction-,+,Non-ASD,132,21,1,0.0,0.0,0,0,0,0,0,0
understanding triggers allows us to create personalized strategies to ease the impact of change on my toddler,Change Reaction-,+,Non-ASD,110,18,1,0.0,0.0,0,0,0,0,0,0
understanding triggers helps create personalized strategies to ease the impact of change on my toddler,Change Reaction-,+,Non-ASD,103,16,1,0.0,0.0,0,0,0,0,0,0
using sign language lessens my toddler is frustration in conveying their needs or feelings promoting a sense of confidence and empowerment,Sign Communication+,+,Non-ASD,139,23,1,0.0,0.0,0,0,0,0,0,1
we are discovering ways to incorporate their repeated words into learning activities it is amazing to see how their engagement increases when we use their preferred words,Word Repetition-,+,Non-ASD,170,29,2,0.6000000000000001,0.9,0,0,0,0,0,2
we are exploring how to incorporate their repeated words into educational activities it is incredible how their engagement and interest soar when we align teaching methods with their preferred words,Word Repetition-,+,Non-ASD,198,32,2,0.575,0.575,0,0,0,0,0,2
we are exploring ways to encourage their interest in arranging toys while gently introducing flexibility it is astonishing how their play and creativity expand when we integrate their preferences,Toy Arranging-,+,Non-ASD,195,31,2,0.35,0.9,0,0,0,0,0,2
we are exploring ways to support and manage tiptoe flapping in different environments it is fascinating how adjusting to their needs positively impacts their engagement,Tiptoe Flapping-,+,Non-ASD,168,27,2,0.3090909090909091,0.6651515151515152,0,0,0,0,0,2
we are finding gentle ways to encourage sharing interests while respecting their comfort it is amazing to see how they open up and engage when approached in the right way,Sharing Interest+,+,Non-ASD,170,32,2,0.27142857142857146,0.6839285714285714,0,0,0,0,0,2
we are finding ways to encourage their interest in arranging toys while gently introducing flexibility it is incredible how their play and creativity expand when we integrate their preferences,Toy Arranging-,+,Non-ASD,192,31,2,0.55,0.8500000000000001,0,0,0,0,0,2
we have discovered that paying attention to their repeated words helps us decode their needs and preferences effectively,Word Repetition-,+,Non-ASD,119,19,1,0.6,0.8,0,0,0,0,0,1
we have found that their repetition helps us understand what they are trying to convey it is become a language of its own enabling smoother interactions,Word Repetition-,+,Non-ASD,151,29,3,0.6,1.0,0,0,0,0,0,3
we have started incorporating their repeated words into learning activities it is fascinating how their engagement and learning improve when we connect with their preferred words,Word Repetition-,+,Non-ASD,177,28,2,0.7,0.8500000000000001,0,0,0,0,0,2
when engaged in a subject of interest my toddler shows remarkable focus often demonstrating incredible attention to detail and in depth understanding,Attention Respanse+,+,Non-ASD,152,24,3,0.49444444444444446,0.6611111111111111,0,0,0,0,0,0
when engaged in something they love their focus is intense and unwavering allowing them to excel in areas of passion,Attention Respanse+,+,Non-ASD,119,23,3,0.35,0.8,0,0,0,0,0,0
when engaged in something they are passionate about their focus and concentration are remarkable allowing for a deep and thorough understanding,Attention Respanse+,+,Non-ASD,145,24,3,0.2333333333333333,0.6666666666666666,0,0,0,0,0,1
when their organized toys are disturbed my toddler can become upset or distressed introducing new toys or changes becomes challenging without causing upset,Toy Arranging-,-,ASD,158,26,3,0.3181818181818182,0.7272727272727273,0,0,0,0,0,0
while not always outwardly shown my toddler might deeply understand and feel emotions expressing empathy in their unique less visible ways,Emotional Empathy+,+,Non-ASD,142,25,4,0.06944444444444445,0.4888888888888889,0,0,0,0,0,0
with proper preparation and a consistent approach my toddler can learn to cope better with changes gradually adapting to new situations,Change Reaction-,+,Non-ASD,138,24,3,0.2215909090909091,0.3261363636363636,0,0,0,0,0,0
